name,age,phone_number,cpf
Larissa Luiza Santos,34,75981207678,68243920650
Lucas Pedro Monteiro,27,54954465350,10001648454
Bianca Rebeca Barbosa,34,16956291573,54319532813
Isabella Ana Pereira,39,35917563040,10754691390
Renato Rodrigo Vieira,25,54999812686,39376097416
Manuela Natália Lima,29,98938835380,10417649878
Raquel Vitória Cunha,24,43937084461,81351952307
Gabriela Laura Guimarães,36,37966527632,82292982463
Renato Rodrigo Freitas,52,18989708571,43257689128
Thiago Eduardo Santos,23,1491730302,72760863301
Guilherme Roberto Melo,52,98931032532,92280680602
Rafael Rafael Oliveira,48,22916489496,22262362602
Eduardo Gabriel Gomes,58,14978294784,63671547014
Samuel Luiz Costa,20,4999062467,52664143913
Diego Igor Machado,48,98931503971,25417005045
Samuel João Nascimento,49,24978721368,92374159078
João Eduardo Carvalho,44,86926848541,69555298548
Raquel Sophia Alves,38,77999712654,25205351802
Roberto Renato Ribeiro,20,99968219993,80674810325
Guilherme Enzo Rodrigues,52,74947180837,29082140160
Vinícius Bruno Dias,28,65981679790,64359837399
Gustavo Renato Santos,26,8193586581,32780699000
Letícia Helena Vieira,26,87936916316,85701630102
Cauã Murilo Nascimento,24,15920062765,45776210968
Laura Camila Gomes,37,33936267646,99346547332
André Vinícius Machado,38,97934181161,57731873293
Renato Igor Guimarães,50,15917307737,44952690032
Diego Otávio Nascimento,34,53949021158,11379097142
Rafaela Gabriela Barbosa,21,54983399510,31956839038
Maria Natália Gomes,41,65962809022,09057326264
Eduardo Diego Ribeiro,37,6998573987,20204021901
Leonardo Lucas Cunha,53,84923553981,18057302828
Sophia Amanda Reis,42,15934370371,06580257598
Eduardo Igor Nascimento,57,4494136072,19872102988
Leonardo Carlos Santos,38,92927302093,82146185767
Raquel Larissa Moreira,44,37991916763,90654556202
Aline Isabella Nascimento,24,86929467278,64150951292
Aline Mariana Ribeiro,37,2299941171,10670424668
Carolina Larissa Mendes,45,79968826420,94494717975
Amanda Valentina Martins,46,31944167682,25936493210
Carolina Cecília Carvalho,50,77982385802,48207303808
Otávio Marcelo Mendes,59,5491138284,20068483805
Cecília Lívia Silva,33,77968714803,90194600807
Bianca Maria Cunha,45,99977072403,30850345448
Gustavo Renato Teixeira,46,99965737197,54179614693
Maria Valentina Martins,38,98940315283,81574924591
Diego Davi Ferreira,28,61992172603,42877166201
Roberto Renato Barbosa,34,95946759715,22476628468
Henrique Nathan Fernandes,56,7496456516,14834567907
Henrique Arthur Lima,23,87917827546,25193782558
Ana Eduarda Lima,56,87931792171,40909967326
Bianca Sophia Cunha,40,66965621863,48728046439
André Marcelo Barbosa,49,32939020647,30799530379
Julia Yasmin Monteiro,53,63977842670,90365906204
Bruno João Monteiro,42,96934509775,29342439748
Alice Julia Lima,56,75945497726,45764833310
Letícia Isadora Mendes,31,27963092117,98346515898
Leonardo Rafael Ferreira,36,65959765907,94112872984
Thiago Gustavo Carvalho,40,11973525940,83165915709
Gustavo André Rocha,50,9199106916,30819930164
Murilo Samuel Barbosa,44,81981900272,57984095620
Samuel Thiago Melo,60,24989634287,23214893246
Nathan Ricardo Nascimento,33,97926368666,20364477598
Murilo Roberto Ferreira,52,63929612992,39693728521
Aline Rafaela Nascimento,34,65953405793,57675830806
Laura Isabella Carvalho,48,38990611318,05672198287
Letícia Julia Teixeira,29,24911463436,84627294247
Laura Gabriela Fernandes,24,71956941477,64476681409
Clara Helena Vieira,19,9996257798,06558002477
Igor Gustavo Rocha,23,17960270266,28575509608
Letícia Gabriela Pereira,44,41989295666,56644826644
Lucas Lucas Cunha,44,65939923021,40354968041
Julia Isadora Carvalho,27,88977249054,24333811260
Mateus Marcelo Cavalcanti,43,89939161532,99115361810
Ricardo Arthur Cavalcanti,37,34918016824,61920349235
Fernanda Luiza Carvalho,37,14939526247,51944996044
Gustavo Caio Gomes,47,84988498482,07443944578
Igor Renato Silva,19,81996096781,68591709136
Lucas Eduardo Guimarães,58,27917895767,74010187727
Luiz Ricardo Melo,35,96910450653,03330525010
Larissa Patrícia Ribeiro,48,31929459519,44322897320
Alice Yasmin Teixeira,32,4194862535,08198714278
Fernanda Raquel Pereira,46,6693844681,39638720557
Luiza Mariana Cavalcanti,35,51935756164,76558046482
Leonardo Mateus Teixeira,41,45985836462,38107840950
Vinícius Renato Costa,44,32956697589,35217174374
Nathan Luiz Gomes,59,65960251015,78257036420
Daniel Leonardo Araújo,52,19982915968,16557674617
Pedro Otávio Araújo,27,1796453483,77392947214
Ricardo Nathan Vieira,51,97967563121,89792685480
Aline Beatriz Souza,38,55934556041,79668533143
Carolina Isadora Fernandes,43,11987479112,15095511070
Natália Isabella Martins,22,42952885541,43422102078
Luiza Rebeca Gomes,39,88941651891,70295154390
Vinícius Marcelo Guimarães,42,87929198546,11312985860
Lívia Carolina Costa,49,67990258332,84477420404
Roberto Vinícius Nascimento,49,54925492178,58825959591
Rebeca Cecília Ferreira,56,31979826251,60956891470
Mariana Bianca Carvalho,18,12990616223,23593127237
Lívia Eduarda Araújo,27,62964171491,22081991896
